Account,Password
A001,1
A002,1
A003,1
A004,1
A005,1
A006,1
A007,1
A008,1
A009,1
A010,1
A011,1
A012,1
A013,1
A014,1
A015,1
A016,1
A017,1
A018,1
A019,1
A020,1
A021,1
A022,1
A023,1
A024,1
A025,1
A026,1
A027,1
A028,1
A029,1
A030,1
A031,1
A032,1
A033,1
A034,1
A035,1
A036,1
A037,1
A038,1
A039,1
A040,1
A041,1
A042,1
A043,1
A044,1
A045,1
A046,1
A047,1
A048,1
A049,1
A050,1
A051,1
A052,1
A053,1
A054,1
A055,1
A056,1
A057,1
A058,1
A059,1
A060,1
A061,1
A062,1
A063,1
A064,1
A065,1
A066,1
A067,1
A068,1
A069,1
A070,1
A071,1
A072,1
A073,1
A074,1
A075,1
A076,1
A077,1
A078,1
A079,1
A080,1
A081,1
A082,1
A083,1
A084,1
A085,1
A086,1
A087,1
A088,1
A089,1
A090,1
A091,1
A092,1
A093,1
A094,1
A095,1
A096,1
A097,1
A098,1
A099,1
A100,1
